{"cameraMode":{"drawMode":0,"name":"Shaded","section":"Shading Mode"},"sceneLighting":true,"audioPlay":false,"sceneViewState":{"showFog":true,"showMaterialUpdate":false,"showSkybox":true,"showFlares":true,"showImageEffects":true,"showParticleSystems":true},"in2DMode":false,"pivot":{"x":-1.1299999952316285,"y":0.43446415662765505,"z":4.316999912261963},"rotation":{"x":-0.16804730892181397,"y":-0.13174980878829957,"z":0.02270580269396305,"w":-0.9766711592674255},"size":9.918073654174805,"orthographic":true}